viPAGOLA AIZPIRI, SARA;110.693,60 ;01 - Lehendakaritza;;DEL.EUSKADI EN ARGENTINA-MERCOSUR;DELEGADO/A;19/04/2013;D
KUTZ GARAIZABAL, RAFAEL MANUEL;110.693,60 ;01 - Lehendakaritza;;DELEGACION DE EUSKADI EN CHILE, PERU Y COLOMBIA;DELEGADO/A;19/04/2013;D
CABALLERO BARTUREN, ANDER;120.756,65 ;01 - Lehendakaritza;;DELEGACION DE EUSKADI EN EEUU;DELEGADO/A;19/04/2013;D
MENDIBELZUA MADARIAGA, IBON DAVID;98.464,00 ;01 - Lehendakaritza;;DELEGACIN DE EUSKADI EN MXICO;DELEGADO/A;26/04/2013;D
MARIN SANCHEZ, MARTA;116.224,05 ;01 - Lehendakaritza;;DELEGACION DE EUSKADI PARA LA UNIN EUROPEA;DIRECTOR/A;09/08/2011;D
VALLEJO ITSASO, ASIER;64.478,13 ;01 - Lehendakaritza;;DIR. PARA LA COMUNIDAD VASCA EN EL EXTERIOR;DIRECTOR/A;19/04/2013;D
ZEBERIO GAINZARAIN, NEKANE;51.924,99 ;01 - Lehendakaritza;;DIR.DE GOBIERNO ABIERTO Y COMUNICACION EN INTERNET;ASESOR/A DE NUEVAS TECNOLOGAS DE LA COMUNICACIN;08/01/2013;E
BERNARDO URQUIJO, JUAN IGNACIO;69.163,58 ;01 - Lehendakaritza;;DIRECCION DE COMUNICACION;DIRECTOR/A;19/12/2012;D
TORRONTEGUI OMAR, JAVIER;44.447,00 ;01 - Lehendakaritza;;DIRECCION DE COMUNICACION;ASESOR/A DE COMUNICACIN;26/11/2013;E
BURZAKO SAMPER, MIKEL;67.087,03 ;01 - Lehendakaritza;;DIRECCION DE COORDINACION;DIRECTOR/A;01/02/2013;D
CASTILLA ALBISU, JUAN MANUEL;69.163,57 ;01 - Lehendakaritza;;DIRECCION DE GABINETE DE ESTUDIOS;DIRECTOR/A;17/02/2014;D
PETRICORENA ARBELAIZ, LUIS MARIA;64.105,52 ;01 - Lehendakaritza;;DIRECCIN DE GOBIERNO ABIERTO;DIRECTOR/A;19/04/2013;D
CHURRUCA MUGICA, ELISABETH AUREA;46.751,86 ;01 - Lehendakaritza;;DIRECCION DE PROTOCOLO;ASESOR/A DE PROTOCOLO;19/04/2013;E
LACA IRUSTA, LOURDES;49.361,75 ;01 - Lehendakaritza;;DIRECCION DE PROTOCOLO;ASESOR/A DE PROTOCOLO;19/12/2012;E
MARTINEZ DE ANTOANA BLANCO, NIEVES;74.992,59 ;01 - Lehendakaritza;;DIRECCION DE REGIMEN JURIDICO;DIRECTOR/A;19/04/2013;D
MADARIAGA GANGOITI, LEYRE;64.478,14 ;01 - Lehendakaritza;;DIRECCION DE RELACIONES EXTERIORES;DIRECTOR/A;16/01/2013;D
EREZCANO BUSTINZA, MIREN EDURNE;66.679,15 ;01 - Lehendakaritza;;DIRECCION DE SECRET. Y RELAC. INSTIT.;DIRECTOR/A;17/02/2014;D
ESTEVEZ DE LA TORRE, JUAN RAMON;51.925,08 ;01 - Lehendakaritza;;DIRECCION DE SERVICIOS;RESPONSABLE DE LA CASA DE AJURIA ENEA;19/12/2012;D
URQUIJO ELORZA, MARIA DEL YERMO;69.163,58 ;01 - Lehendakaritza;;DIRECCION DE SERVICIOS;DIRECTOR/A;19/12/2012;D
HERNANDO PORRES, MONICA;67.087,03 ;01 - Lehendakaritza;;DIRECCIN DE VCTIMAS Y DERECHOS HUMANOS;DIRECTOR/A;19/04/2013;D
URKULLU RENTERIA, IIGO;101.698,22 ;01 - Lehendakaritza;;LEHENDAKARITZA;LEHENDAKARI;14/12/2012;D
ELORZA ZUBIRIA, M ANGELES;82.133,93 ;01 - Lehendakaritza;;SECRETARIA GENERAL DE ACCION EXTERIOR;SECRETARIO/A GENERAL (NIVEL VICECONSEJERO);19/12/2012;D
URIA ETXEBARRIA, MARGARITA;64.677,24 ;01 - Lehendakaritza;;SECRETARIA GENERAL DE ACCION EXTERIOR;ASESOR/A SECRETARA GENERAL ACCIN EXTERIOR;04/12/2013;E
PEA MARTINEZ, JESUS M;86.355,06 ;01 - Lehendakaritza;;SECRETARIA GENERAL DE LA PRESIDENCIA;SECRETARIO/A GENERAL (NIVEL VICECONSEJERO);19/12/2012;D
FERNANDEZ ERDOCIA, JUAN ANTONIO;72.773,28 ;01 - Lehendakaritza;;SECRETARA GRAL. PARA LA PAZ Y LA CONVIVENCIA;SECRETARIO/A GENERAL (NIVEL VICECONSEJERO);19/04/2013;D
ULLIBARRIARANA ERRASTI, ENRIQUE;66.677,24 ;01 - Lehendakaritza;;SECRETARA GRAL. PARA LA PAZ Y LA CONVIVENCIA;ASESOR/A COORDINADOR/A ATENCIN A LAS VCTIMAS;11/04/2014;E
JAIO EIGUREN, MIREN KARMELE;60.687,74 ;01 - Lehendakaritza;EMAKUNDE - INSTITUTO VASCO DE LA MUJER;DIRECCION;ASESOR/A;15/02/2013;E
LANDAIDA LARIZGOITIA, MIREN IZASKUN;78.673,83 ;01 - Lehendakaritza;EMAKUNDE - INSTITUTO VASCO DE LA MUJER;DIRECCION;DIRECTOR/A GENERAL (NIVEL VICECONSEJERO);31/01/2013;D
ALBERDI ZUBIA, ANA JESUSA;72.772,35 ;01 - Lehendakaritza;EMAKUNDE - INSTITUTO VASCO DE LA MUJER;SECRETARIA GENERAL;SECRETARIO/A GENERAL (NIVEL DIRECTOR);15/02/2013;D
ORTEGA ETCHEVERRY, PAUL;67.087,00 ;01 - Lehendakaritza;AGENCIA VASCA DE COOPERACION PARA EL DESARROLLO;;DIRECTOR/A;23/01/2013;CP
ARANBARRI URZELAI, ASIER;67.087,03 ;02 - Administracin Pblica y Justicia;;CONSEJERIA;ASESOR/A EN MATERIA DE MODERNIZACIN ADMNISTRATIVA;06/05/2013;E
ERCORECA GERVASIO, JOSU IAKI;94.907,49 ;02 - Administracin Pblica y Justicia;;CONSEJERIA;CONSEJERO/A DEL DEPARTAMENTO;17/12/2012;D
FERNANDEZ DE MENDIOLA RUIZ DE EGUILAZ, JOSE RAMON;67.087,03 ;02 - Administracin Pblica y Justicia;;CONSEJERIA;ASESOR/A MATERIA INFORMTICA EN EL REA JUSTICIA;06/05/2013;E
LEGARDA URIARTE, MIGUEL IGNACIO;80.305,72 ;02 - Administracin Pblica y Justicia;;CONSEJERIA;ASESOR/A EN MATERIA PARLAMENTARIA;19/04/2013;E
PALENZUELA MAESO, SILVIA;69.163,57 ;02 - Administracin Pblica y Justicia;;CONSEJERIA;ASESOR/A COMUNIC. DEPARTAM. Y PORTAVOCA GOBIERNO;19/04/2013;E
UNANUE ORTEGA, XABIER;64.291,71 ;02 - Administracin Pblica y Justicia;;DIR. DE DESARROLLO LEGISLATIVO Y CONTROL NORMATIVO;DIRECTOR/A;17/01/2013;D
ECHANOVE LANDAJUELA, ELIXABETE;65.723,43 ;02 - Administracin Pblica y Justicia;;DIR. DE RELACIONES CON ADMON.LOCALES Y REGI.ADMIN.;DIRECTOR/A;19/04/2013;D
LARRAZABAL BASAEZ, SANTIAGO;65.596,25 ;02 - Administracin Pblica y Justicia;;DIR. SECRET. GOBIERNO Y RELACIONES CON PARLAMENTO;DIRECTOR/A;10/01/2013;D
BIKANDI IRAZABAL, JAVIER;67.087,03 ;02 - Administracin Pblica y Justicia;;DIR.ATEN. CIUDAD.INNOV. Y MEJOR. ADMINISTRACIN;DIRECTOR/A;19/04/2013;D
PEREZ DE EULATE GONZALEZ, BEGOA;72.243,07 ;02 - Administracin Pblica y Justicia;;DIRECCION DE DESARROLLO ESTATUTARIO;DIRECTOR/A;19/04/2013;D
BARASORDA GOICOECHEA, JUAN MARIA;69.009,15 ;02 - Administracin Pblica y Justicia;;DIRECCIN DE FUNCIN PBLICA;DIRECTOR/A;27/12/2012;D
VALIN LOPEZ, MANUEL;72.295,67 ;02 - Administracin Pblica y Justicia;;DIRECCIN DE JUSTICIA;DIRECTOR/A;10/01/2013;D
URIARTE UNZALU, JON ARTURO;64.376,48 ;02 - Administracin Pblica y Justicia;;DIRECCIN DE LA ADMINISTRACIN DE JUSTICIA;DIRECTOR/A;19/04/2013;D
SAIZ GARITAONANDIA, ALBERTO;65.596,25 ;02 - Administracin Pblica y Justicia;;DIRECCIN DE LO CONTENCIOSO;DIRECTOR/A;10/01/2013;D
GORDOA RIOS, ESTEFANIA;67.087,03 ;02 - Administracin Pblica y Justicia;;DIRECCIN DE RELACIONES LABORALES;DIRECTOR/A;25/01/2013;D
ZUBELDIA ARRIETA, JUAN MARIA;72.014,17 ;02 - Administracin Pblica y Justicia;;DIRECCIN DE SERVICIOS;DIRECTOR/A;19/12/2012;D
GONZALEZ SAN SEBASTIAN, TATIANA BEGOA;67.087,03 ;02 - Administracin Pblica y Justicia;;GABINETE;DIRECTOR/A;19/04/2013;D
ZEARRETA OTAZUA, ANDRES;79.610,39 ;02 - Administracin Pblica y Justicia;;VICECONSEJERA DE FUNCIN PBLICA;VICECONSEJERO/A;27/12/2012;D
AGUIRRE ZURUTUZA, ANA;84.427,53 ;02 - Administracin Pblica y Justicia;;VICECONSEJERA DE JUSTICIA;VICECONSEJERO/A;27/12/2012;D
TORRE DIEZ, SABINO;84.313,29 ;02 - Administracin Pblica y Justicia;;VICECONSEJERA DE RGIMEN JURDICO;VICECONSEJERO/A;19/12/2012;D
BAZACO ATUCHA, PEDRO LUIS;86.937,97 ;02 - Administracin Pblica y Justicia;;VICECONSEJERA DE RELACIONES INSTITUCIONALES;VICECONSEJERO/A;19/04/2013;D
ASTIGARRAGA GOENAGA, M TERESA;71.819,82 ;02 - Administracin Pblica y Justicia;COMISION JURIDICA ASESORA DE EUSKADI;COMISION JURIDICA ASESORA DE EUSKADI;VOCAL COMISION JURIDICA ASESORA DE EUSKADI;04/03/2014;COJUAE
BEITIA RUIZ DE ARBULO, IAKI;71.795,63 ;02 - Administracin Pblica y Justicia;COMISION JURIDICA ASESORA DE EUSKADI;COMISION JURIDICA ASESORA DE EUSKADI;VOCAL COMISION JURIDICA ASESORA DE EUSKADI;04/03/2014;COJUAE
CALONGE CRESPO, IAKI;71.316,51 ;02 - Administracin Pblica y Justicia;COMISION JURIDICA ASESORA DE EUSKADI;COMISION JURIDICA ASESORA DE EUSKADI;VOCAL COMISION JURIDICA ASESORA DE EUSKADI;30/11/2012;COJUAE
ECHAVE ARANZABAL, ION GURUTZ;78.318,15 ;02 - Administracin Pblica y Justicia;COMISION JURIDICA ASESORA DE EUSKADI;COMISION JURIDICA ASESORA DE EUSKADI;VOCAL COMISION JURIDICA ASESORA DE EUSKADI;30/11/2012;COJUAE
ESKUBI JUARISTI, LUIS M;72.727,56 ;02 - Administracin Pblica y Justicia;COMISION JURIDICA ASESORA DE EUSKADI;COMISION JURIDICA ASESORA DE EUSKADI;VOCAL COMISION JURIDICA ASESORA DE EUSKADI;04/03/2014;COJUAE
SAIZ RUIZ DE LOIZAGA, FATIMA;71.838,29 ;02 - Administracin Pblica y Justicia;COMISION JURIDICA ASESORA DE EUSKADI;COMISION JURIDICA ASESORA DE EUSKADI;VOCAL COMISION JURIDICA ASESORA DE EUSKADI;11/11/2013;COJUAE
ZORROZUA AIERBE, GORKA ERLANTZ;73.009,77 ;02 - Administracin Pblica y Justicia;COMISION JURIDICA ASESORA DE EUSKADI;COMISION JURIDICA ASESORA DE EUSKADI;VOCAL COMISION JURIDICA ASESORA DE EUSKADI;11/11/2013;COJUAE
ZUBIZARRETA ARTECHE, IMANOL;70.624,14 ;02 - Administracin Pblica y Justicia;COMISION JURIDICA ASESORA DE EUSKADI;COMISION JURIDICA ASESORA DE EUSKADI;VOCAL COMISION JURIDICA ASESORA DE EUSKADI;04/03/2014;COJUAE
IRURETAGOIENA IBARGUREN, M TERESA;70.571,92 ;02 - Administracin Pblica y Justicia;INSTITUTO VASCO DE ADMINISTRACION PUBLICA;DIRECCION;DIRECTOR/A GENERAL (NIVEL DIRECTOR);17/01/2013;D
ALONSO FERNANDEZ DE GARAYALDE, MARIA BELEN CARMEN;67.087,03 ;03 - Desarrollo Econmico y Competitividad;;CONSEJERIA;ASESOR/A NUEVAS TECNOLOGAS Y SOCIEDAD DE LA INFOR;19/04/2013;E
BASTERRA ALDEA, JUAN ANTONIO;77.434,01 ;03 - Desarrollo Econmico y Competitividad;;CONSEJERIA;ASESOR/A COORDINACIN Y PLANIFICACIN ESTRATGICA;19/04/2013;E
ORMAZABAL URBIZU, CARLOS;67.087,03 ;03 - Desarrollo Econmico y Competitividad;;CONSEJERIA;ASESOR/A EN ASUNTOS Y PROGRAMAS EUROPEOS;01/06/2013;E
PEREZ DE SAN ROMAN URTEAGA, ROBERTO;67.087,03 ;03 - Desarrollo Econmico y Competitividad;;CONSEJERIA;ASESOR/A ASUNTOS AGROPECUARIOS Y PESQUEROS;19/04/2013;E
TAPIA OTAEGUI, MARIA ARANZAZU;94.720,64 ;03 - Desarrollo Econmico y Competitividad;;CONSEJERIA;CONSEJERO/A DEL DEPARTAMENTO;17/12/2012;D
GUTIERREZ PEREZ DEL NOTARIO, ELENA;67.087,03 ;03 - Desarrollo Econmico y Competitividad;;DIR. DE DESARR. RURAL Y LITORAL Y POLT. EUROPEAS;DIRECTOR/A;13/09/2013;D
URZELAI INZA, AITOR;67.087,03 ;03 - Desarrollo Econmico y Competitividad;;DIR. DE EMPRENDIMIENTO, INNOV. Y SDAD. DE LA INFOR;DIRECTOR/A;25/04/2013;D
ZARRAONANDIA ZULOAGA, JAVIER;67.087,03 ;03 - Desarrollo Econmico y Competitividad;;DIR. DE ENERGA, MINAS Y ADMINISTRACIN INDUSTRIAL;DIRECTOR/A;25/04/2013;D
AGUINACO LOPEZ DE SUSO, EDUARDO;64.105,43 ;03 - Desarrollo Econmico y Competitividad;;DIRECCION DE AGRICULTURA Y GANADERIA;DIRECTOR/A;18/01/2013;D
MANTEROLA ARTETA, PELI;67.087,03 ;03 - Desarrollo Econmico y Competitividad;;DIRECCIN DE CALIDAD E INDUSTRIAS ALIMENTARIAS;DIRECTOR/A;25/04/2013;D
ZARATE ZARRAGA, JON ANDONI;64.105,43 ;03 - Desarrollo Econmico y Competitividad;;DIRECCION DE COMERCIO;DIRECTOR/A;18/01/2013;D
LOPEZ CARCAMO, ALEJANDRO;72.728,52 ;03 - Desarrollo Econmico y Competitividad;;DIRECCIN DE DESARROLLO INDUSTRIAL;DIRECTOR/A;19/12/2012;D
GUEZALA OYARBIDE, LARRAITZ;67.087,03 ;03 - Desarrollo Econmico y Competitividad;;DIRECCIN DE GABINETE Y COMUNICACIN;DIRECTOR/A;25/04/2013;D
ONDARZABAL IZAGUIRRE, MARIA AINHOA;67.087,03 ;03 - Desarrollo Econmico y Competitividad;;DIRECCIN DE INTERNACIONALIZACIN;DIRECTOR/A;28/02/2014;D
AZCUE MUGICA, LEANDRO;67.087,03 ;03 - Desarrollo Econmico y Competitividad;;DIRECCION DE PESCA Y ACUICULTURA;DIRECTOR/A;04/01/2013;D
ALDEKOGARAI LABAKA, IAKI;71.635,83 ;03 - Desarrollo Econmico y Competitividad;;DIRECCIN DE SERVICIOS;DIRECTOR/A;25/04/2013;D
BILBAO ELGUEZABAL, LEYRE;65.409,89 ;03 - Desarrollo Econmico y Competitividad;;DIRECCIN DE TECNOLOGA Y ESTRATEGIA;DIRECTOR/A;25/04/2013;D
GARMENDIA BERECIARTU, M MERCEDES;70.502,60 ;03 - Desarrollo Econmico y Competitividad;;DIRECCION DE TURISMO;DIRECTOR/A;01/02/2013;D
OROZ IZAGUIRRE, VICTOR;81.108,94 ;03 - Desarrollo Econmico y Competitividad;;VICE. DE AGRICULTURA, PESCA Y POLTICA ALIMENTARIA;VICECONSEJERO/A;25/04/2013;D
HERNAEZ LAVIA, ESTIBALIZ;80.734,31 ;03 - Desarrollo Econmico y Competitividad;;VICE. DE TECNOLOGA, INNOVACIN Y COMPETITIVIDAD;VICECONSEJERO/A;25/04/2013;D
EPALZA URQUIAGA, ITZIAR;78.673,83 ;03 - Desarrollo Econmico y Competitividad;;VICECONSEJERA DE COMERCIO Y  TURISMO;VICECONSEJERO/A;28/12/2012;D
GARCIA DE MOTILOA UBIS, JUAN IGNACIO;78.673,83 ;03 - Desarrollo Econmico y Competitividad;;VICECONSEJERA DE INDUSTRIA;VICECONSEJERO/A;25/04/2013;D
URRUTICOECHEA URIARTE, PILAR;86.930,00 ;03 - Desarrollo Econmico y Competitividad;EVE -ENTE VASCO DE LA ENERGIA;EVE;DTOR/A. GENERAL;05/03/2013;CP
ZULOAGA EIZAGIRRE, JUAN CARLOS;67.087,00 ;03 - Desarrollo Econmico y Competitividad;FUNDACIN ELIKA;FUNDACIN ELIKA;DTOR/A. GERENTE;01/03/2013;CP
ARRESE ZABALA, ASIER;72.880,00 ;03 - Desarrollo Econmico y Competitividad;FUNDACIN HAZI;FUNDACIN HAZI;DTOR/A. GERENTE;07/02/2013;CP
EZKURDIA SANTAMARIA, JOSU MIREN;67.087,00 ;03 - Desarrollo Econmico y Competitividad;NEIKER;NEIKER;DTOR/A. GENERAL;19/04/2013;CP
CORRES ABASOLO, JOSE MIGUEL;86.674,00 ;03 - Desarrollo Econmico y Competitividad;PARQUE TECNOLOGICO S.A.;PARQUE TECNOLOGICO;DIRECTOR/A;22/02/2013;CP
Vacante;86.930,00 ;03 - Desarrollo Econmico y Competitividad;SOCIEDAD DE HIDROCARBUROS DE EUSKADI S.A;HIDROCARBUROS;DTOR/A. GENERAL;04/02/2004;CP
BELDARRAIN SALABERRIA, YOLANDA;84.123,00 ;03 - Desarrollo Econmico y Competitividad;SOCIEDAD GESTIN CAPITAL RIESGO DEL PAS VASCO, SGECR, S.A.;SOCIEDAD GESTIN CAPITAL RIESGO DEL PAS VASCO, SGECR, S.A.;DTOR/A. GENERAL;15/03/2013;CP
ARRIOLA LIZARRITURRI, ALEXANDER;84.908,00 ;03 - Desarrollo Econmico y Competitividad;SPRI S.A.;SPRI;DTOR/A. GENERAL;22/03/2013;CP
Vacante;84.123,00 ;03 - Desarrollo Econmico y Competitividad;SPRILUR, S.A.;SPRILUR, S.A.;DTOR/A. GENERAL;;CP
MADARIAGA ABERASTURI, MIREN ARANTZA;65.471,00 ;03 - Desarrollo Econmico y Competitividad;Basquetour, S.A.;Basquetour, S.A.;DTOR/A. GENERAL;;CP
ABURTO RIQUE, JUAN MARIA;95.306,39 ;04 - Empleo y Polticas Sociales;;CONSEJERIA;CONSEJERO/A DEL DEPARTAMENTO;17/12/2012;E
AIERDI URRAZA, XABIER;67.087,03 ;04 - Empleo y Polticas Sociales;;CONSEJERIA;ASESOR/A DE GABINETE;07/10/2013;E
OLAIZOLA ZUBILLAGA, AITOR;76.283,03 ;04 - Empleo y Polticas Sociales;;CONSEJERIA;ASESOR/A DE POLTICA DEPARTAMENTAL;19/04/2013;E
OSTOLAZA ARCAUZ, NOEMI;76.283,03 ;04 - Empleo y Polticas Sociales;;CONSEJERIA;ASESOR/A DE ESTUDIOS Y PROGRAMAS;22/05/2013;E
MADRAZO JUANES, JOSE LUIS;67.087,03 ;04 - Empleo y Polticas Sociales;;DIR. DE POLITICA FAMILIAR Y DESARROLLO COMUNITARIO;DIRECTOR/A;25/04/2013;D
SARATXAGA DE ISLA, MIREN;67.087,03 ;04 - Empleo y Polticas Sociales;;DIR. PLANIFICACION Y PROCESOS OPERATIVOS VIVIENDA;DIRECTOR/A;22/04/2013;D
OCHANDIANO MARTINEZ, XABIER IIGO;67.087,03 ;04 - Empleo y Polticas Sociales;;DIRECCIN DE PLANIFICACIN E INNOVAC. EN EL EMPLEO;DIRECTOR/A;11/01/2013;D
ARRIZABALAGA ORMAECHEA, IAKI;72.013,36 ;04 - Empleo y Polticas Sociales;;DIRECCIN DE SERVICIOS;DIRECTOR/A;25/04/2013;D
AMILIBIA BERGARETXE, LIDE;67.087,03 ;04 - Empleo y Polticas Sociales;;DIRECCIN DE SERVICIOS SOCIALES;DIRECTOR/A;11/01/2013;D
LOSANTOS OMAR, J. JAVIER;67.087,03 ;04 - Empleo y Polticas Sociales;;DIRECCION DE TRABAJO Y SEGURIDAD SOCIAL;DIRECTOR/A;25/04/2013;D
BASAEZ ALFONSO, IGNACIO;76.201,43 ;04 - Empleo y Polticas Sociales;;DIRECCION DE VIVIENDA;DIRECTOR/A;25/04/2013;D
BERMUDEZ HERNANDEZ, BLAS;67.087,03 ;04 - Empleo y Polticas Sociales;;DIRECCIN DEL GABINETE;ASESOR/A EN COMUNICACIONES;11/02/2013;E
SOLA VALLOJERA, EMILIO GERMAN;71.175,12 ;04 - Empleo y Polticas Sociales;;DIRECCIN DEL GABINETE;ASESOR/A DE POLTICAS SOCIALES;01/02/2013;E
ZULUAGA ZAMALLOA, IMANOL;69.163,57 ;04 - Empleo y Polticas Sociales;;DIRECCIN DEL GABINETE Y COMUNICACIN;DIRECTOR/A;25/04/2013;D
UBARRECHENA CID, MARIA;67.087,03 ;04 - Empleo y Polticas Sociales;;DIRECCIN ECONOMA SOCIAL;DIRECTOR/A;25/04/2013;D
BARCALA ZUMELZU, RICARDO;81.108,94 ;04 - Empleo y Polticas Sociales;;VICECONSEJERA DE EMPLEO Y TRABAJO;VICECONSEJERO/A;25/04/2013;D
POMBO ORTIZ ARTIANO, IIGO;86.937,96 ;04 - Empleo y Polticas Sociales;;VICECONSEJERIA DE POLTICAS SOCIALES;VICECONSEJERO/A;25/04/2013;D
SOLAGUREN SANTAMARIA, MARIA COVADONGA;80.706,67 ;04 - Empleo y Polticas Sociales;;VICECONSEJERIA DE VIVIENDA;VICECONSEJERO/A;03/01/2013;D
IBARRECHE CARECHE, JUAN;67.087,03 ;04 - Empleo y Polticas Sociales;LANBIDE-SERVICIO VASCO DE EMPLEO;DIR.FORMACIN PARA EL EMPLEO Y GARANTA INGRESOS;DIRECTOR/A;11/01/2013;D
SAGARDUI GOIKOETXEA, MIREN GOTZONE;67.087,03 ;04 - Empleo y Polticas Sociales;LANBIDE-SERVICIO VASCO DE EMPLEO;DIRECCIN DE ACTIVACIN LABORAL;DIRECTOR/A;11/01/2013;D
CARLOS DE BERGARA ETXEZARRETA, FRANCISCO JAVIER;67.087,03 ;04 - Empleo y Polticas Sociales;LANBIDE-SERVICIO VASCO DE EMPLEO;DIRECCIN DE SERVICIOS GENERALES;DIRECTOR/A;25/01/2013;D
ALUSTIZA FERNANDEZ, ADOLFO;78.673,83 ;04 - Empleo y Polticas Sociales;LANBIDE-SERVICIO VASCO DE EMPLEO;DIRECCIN GENERAL;DIRECTOR/A GENERAL (NIVEL VICECONSEJERO);27/12/2012;D
URIEN AZPITARTE, IZASKUN;67.087,03 ;04 - Empleo y Polticas Sociales;OSALAN-INSTITUTO VASCO SEGURIDAD Y SALUD LABORALES;DIRECCION GENERAL;DIRECTOR/A GENERAL (NIVEL DIRECTOR);01/02/2013;D
BERASALUCE LAZCANO, IRUNE;67.087,03 ;04 - Empleo y Polticas Sociales;ALOKABIDE S. A.;ALOKABIDE;DIRECTOR/A;23/01/2013;CP
MURO NAJERA, MARCOS;78.674,00 ;04 - Empleo y Polticas Sociales;VISESA - SOCIEDAD DE VIVIENDA Y SUELO DE EUSKADI;VISESA;DTOR/A. GENERAL;23/01/2013;CP
ALCALDE AMUTXATEGI, JOSEBA ANDONI;85.438,32 ;05 - Hacienda y Finanzas;;CONSEJERIA;ASESOR/A NORMATIVA HACENDSTICA Y FINANCIERA;19/04/2013;E
GABILONDO RUIZ, XABIER JOSEBA;67.087,03 ;05 - Hacienda y Finanzas;;CONSEJERIA;ASESOR/A MATERIA INICIATIVAS PARLAMENTARIAS;19/04/2013;E
GATZAGAETXEBARRIA BASTIDA, RICARDO;95.306,39 ;05 - Hacienda y Finanzas;;CONSEJERIA;CONSEJERO/A DEL DEPARTAMENTO;17/12/2012;D
ITURRIAGA ANCIN, FERNANDO;64.799,29 ;05 - Hacienda y Finanzas;;CONSEJERIA;ASESOR/A DE PROGRAMAS Y ESTUDIOS;19/04/2013;E
URQUIJO URRUTIA, MANUEL;80.727,21 ;05 - Hacienda y Finanzas;;CONSEJERIA;ASESOR/A EN ESTUDIOS Y ANLISIS SECTOR PBLICO;19/04/2013;E
EMBID ZUBIRIA, ZURIE EDURNE;72.645,82 ;05 - Hacienda y Finanzas;;DI. POLTICA FINANCIERA Y RECURSOS INSTITUCIONALES;DIRECTOR/A;19/04/2013;D
AGIRRE BERRIOTXOA, MIREN ITZIAR;67.087,03 ;05 - Hacienda y Finanzas;;DIRECCION DE ADMINISTRACION TRIBUTARIA;DIRECTOR/A;18/01/2013;D
BARRUTIA LEGARRETA, JOSE MARIA;67.087,03 ;05 - Hacienda y Finanzas;;DIRECCION DE ECONOMA Y PLANIFICACIN;DIRECTOR/A;22/02/2013;D
BARREIRO ASUMENDI, LUIS;69.483,04 ;05 - Hacienda y Finanzas;;DIRECCIN DE GABINETE Y COMUNICACIN;DIRECTOR/A;19/04/2013;D
DOMINGUEZ-MACAYA LAURNAGA, JAIME JOSE;72.225,64 ;05 - Hacienda y Finanzas;;DIRECCIN DE INFORMTICA Y TELECOMUNICACIONES;DIRECTOR/A;03/01/2013;D
LOPEZ-URIBARRI GOICOLEA, NEREA KARMELE;67.087,03 ;05 - Hacienda y Finanzas;;DIRECCION DE PATRIMONIO Y CONTRATACION;DIRECTOR/A;28/01/2013;D
LACALLE EDESO, HERNANDO;67.087,03 ;05 - Hacienda y Finanzas;;DIRECCION DE PRESUPUESTOS;DIRECTOR/A;03/01/2013;D
TELLERIA AGUIRREZABALA, JOAQUIN;71.517,62 ;05 - Hacienda y Finanzas;;DIRECCIN DE RECURSOS GENERALES;DIRECTOR/A;10/01/2013;D
URQUIOLA ALUSTIZA, ANE;67.087,03 ;05 - Hacienda y Finanzas;;DIRECCION DE SERVICIOS;DIRECTOR/A;08/01/2013;D
LOSA ZIGANDA, FRANCISCO JAVIER;81.300,51 ;05 - Hacienda y Finanzas;;OFICINA DE CONTROL ECONOMICO;DIRECTOR/A (RANGO VICECONSEJERO/A);19/04/2013;D
ARCELUS MUGICA, CARMELO;84.646,57 ;05 - Hacienda y Finanzas;;VICE. DE ADMINISTRACIN Y SERVIC. GLES.;VICECONSEJERO/A;19/04/2013;D
HERNANDO ARRANZ, PEDRO MARIA;82.281,52 ;05 - Hacienda y Finanzas;;VICECONSEJERA DE ECONOMA Y PRESUPUESTOS;VICECONSEJERO/A;19/04/2013;D
BILBAO GARAY, JUAN MIGUEL;83.121,67 ;05 - Hacienda y Finanzas;;VICECONSEJERIA DE HACIENDA Y POLTICA FINANCIERA;VICECONSEJERO/A;19/04/2013;D
GOI URRIZA, NATIVIDAD;67.083,41 ;05 - Hacienda y Finanzas;AUTORIDAD VASCA DE LA COMPETENCIA;AUTORIDAD VASCA DE LA COMPETENCIA;VOCAL AUTORIDAD VASCA DE LA COMPETENCIA;17/07/2012;D
ITURRIAGA NIEVA, RAFAEL;67.083,41 ;05 - Hacienda y Finanzas;AUTORIDAD VASCA DE LA COMPETENCIA;AUTORIDAD VASCA DE LA COMPETENCIA;VOCAL AUTORIDAD VASCA DE LA COMPETENCIA;17/07/2012;D
ALDAY RUIZ, IGNACIO;67.087,03 ;05 - Hacienda y Finanzas;AUTORIDAD VASCA DE LA COMPETENCIA;DIRECCIN DE INVESTIGACIN;DIRECTOR/A;01/08/2012;D
CANEDO ARRILLAGA, MARIA PILAR;78.673,80 ;05 - Hacienda y Finanzas;AUTORIDAD VASCA DE LA COMPETENCIA;PRESIDENCIA;PRESIDENTE/A AUTORIDAD VASCA DE LA COMPETENCIA;17/07/2012;D
IRADI ARRIETA, JOSU MIRENA;72.691,44 ;05 - Hacienda y Finanzas;EUSTAT - IVE;DIRECCION GENERAL;DIRECTOR/A GENERAL (NIVEL DIRECTOR);03/01/2013;D
ETXEBERRIA ARANBURU, ALEX;67.635,39 ;05 - Hacienda y Finanzas;EJIE - SOCIEDAD INFORMATICA DEL GOBIERNO VASCO;EJIE;DTOR/A. GENERAL;19/11/2013;CP
GARAY IBAEZ DE ELEJALDE, JOSU IAKI;76.908,00 ;05 - Hacienda y Finanzas;INSTITUTO VASCO DE FINANZAS;INSTITITUO VASCO FINANZAS;DTOR/A. GENERAL;13/09/2013;CP
BAOS LOINAZ, JUAN JOSE;67.623,78 ;05 - Hacienda y Finanzas;ITELAZPI, S.A.;ITELAZPI;DTOR/A. GENERAL;01/03/2013;CP
ALONSO ARANA, MIREN MAITE;61.072,47 ;06 - Educacin, Poltica Lingstica y Cultura;;CONSEJERIA;PRESIDENTE/A DEL CONSEJO ESCOLAR;10/09/2013;D
ELKOROIRIBE ZENIKAONANDIA, MIREIA;67.087,03 ;06 - Educacin, Poltica Lingstica y Cultura;;CONSEJERIA;ASESOR/A RELACIONES EXTERNAS;19/04/2013;E
EZENARRO EGURBIDE, MIREN AINTZANE;67.087,03 ;06 - Educacin, Poltica Lingstica y Cultura;;CONSEJERIA;ASESOR/A COORDINACIN PLAN DE PAZ Y CONVIVENCIA;26/06/2013;E
FURUNDARENA OLABARRIAGA, ANA ESTHER;67.087,03 ;06 - Educacin, Poltica Lingstica y Cultura;;CONSEJERIA;ASESOR/A DE POLTICA LINGSTICA;01/07/2013;E
GARAGORRI YARZA, FRANCISCO JAVIER;67.087,03 ;06 - Educacin, Poltica Lingstica y Cultura;;CONSEJERIA;ASESOR/A EN MATERIA DE EDUCACIN;18/09/2013;E
LOIDI GARITANO, UNAI;64.677,24 ;06 - Educacin, Poltica Lingstica y Cultura;;CONSEJERIA;ASESOR/A EN COMUNICACIONES;19/04/2013;E
URIARTE TOLEDO, CRISTINA;95.306,39 ;06 - Educacin, Poltica Lingstica y Cultura;;CONSEJERIA;CONSEJERO/A DEL DEPARTAMENTO;17/12/2012;D
ZUBIZARRETA ORMAETXEA, AITZOL;65.782,60 ;06 - Educacin, Poltica Lingstica y Cultura;;CONSEJERIA;ASESOR/A EN COMUNICACIONES;09/01/2013;E
BUJANDA ARIZMENDI, JOSE MANUEL;73.472,90 ;06 - Educacin, Poltica Lingstica y Cultura;;DIR. DE GABINETE DE LA CONSEJERA O CONSEJERO;DIRECTOR/A;25/04/2013;D
LOBERA REVILLA, ANGEL;70.563,14 ;06 - Educacin, Poltica Lingstica y Cultura;;DIR. DE NORMALIZACIN LINGSTICA DE LAS AA.PP.;DIRECTOR/A;10/01/2013;D
URQUIJO SAGREDO, POLENTZI;67.087,03 ;06 - Educacin, Poltica Lingstica y Cultura;;DIR. DE RECURSOS MATERIALES E INFRAESTRUCTURAS;DIRECTOR/A;25/04/2013;D
FERNANDEZ IBAEZ, JESUS;71.152,94 ;06 - Educacin, Poltica Lingstica y Cultura;;DIRECCION DE CENTROS ESCOLARES;DIRECTOR/A;10/01/2013;D
MARTINEZ DE MURGUIA URRETA, RAMON;72.391,08 ;06 - Educacin, Poltica Lingstica y Cultura;;DIRECCIN DE FORMACIN Y APRENDIZAJE;DIRECTOR/A;25/04/2013;D
MUGERTZA URKIDI, KONRADO;72.213,88 ;06 - Educacin, Poltica Lingstica y Cultura;;DIRECCION DE GESTION DE PERSONAL;DIRECTOR/A;18/01/2013;D
JAUREGIBERRI GOENAGA, AMAIA;67.087,03 ;06 - Educacin, Poltica Lingstica y Cultura;;DIRECCION DE GESTION ECONOMICA;DIRECTOR/A;25/04/2013;D
GARAMENDI IBARRA, MARIA BEGOA;71.352,78 ;06 - Educacin, Poltica Lingstica y Cultura;;DIRECCION DE INNOVACION EDUCATIVA;DIRECTOR/A;10/01/2013;D
REDONDO LERTXUNDI, JON;67.087,03 ;06 - Educacin, Poltica Lingstica y Cultura;;DIRECCIN DE JUVENTUD Y DEPORTES;DIRECTOR/A;25/04/2013;D
AGOTE ALBERRO, IMANOL;71.352,78 ;06 - Educacin, Poltica Lingstica y Cultura;;DIRECCION DE PATRIMONIO CULTURAL;DIRECTOR/A;10/01/2013;D
URRUTIA BARANDIKA, MIREN BEGOE;71.352,78 ;06 - Educacin, Poltica Lingstica y Cultura;;DIRECCION DE POLITICA CIENTIFICA;DIRECTOR/A;10/01/2013;D
MONTERO TELLECHEA, CLARA;67.087,03 ;06 - Educacin, Poltica Lingstica y Cultura;;DIRECCIN DE PROMOCIN DE LA CULTURA;DIRECTOR/A;10/01/2013;D
AZKUE ARRASTOA, JOKIN;71.381,63 ;06 - Educacin, Poltica Lingstica y Cultura;;DIRECCION DE PROMOCION DEL EUSKERA;DIRECTOR/A;10/01/2013;D
AGUIRRE GOITIA, JOSU;71.381,63 ;06 - Educacin, Poltica Lingstica y Cultura;;DIRECCION DE RGIMEN JURDICO Y SERVICIOS;DIRECTOR/A;25/04/2013;D
ALONSO ALDAMA, FRANCISCO JAVIER;67.087,03 ;06 - Educacin, Poltica Lingstica y Cultura;;DIRECCION DE UNIVERSIDADES;DIRECTOR/A;25/01/2013;D
GIMENEZ BECH, JORGE;67.087,03 ;06 - Educacin, Poltica Lingstica y Cultura;;DIRECCIN INVESTIGACIN Y COORDINACION LINGSTICA;DIRECTOR/A;25/04/2013;D
GARAMENDI LANDA, OLATZ;83.039,95 ;06 - Educacin, Poltica Lingstica y Cultura;;VICECONSEJERIA DE ADMINISTRACION Y SERVICIOS;VICECONSEJERO/A;27/12/2012;D
MUOZ OTAEGI, JOSE ANGEL MARIA;78.673,83 ;06 - Educacin, Poltica Lingstica y Cultura;;VICECONSEJERIA DE CULTURA, JUVENTUD Y DEPORTES;VICECONSEJERO/A;27/12/2012;D
AIZPURUA TELLERIA, PATXI XABIER;70.000,17 ;06 - Educacin, Poltica Lingstica y Cultura;;VICECONSEJERIA DE EDUCACION;DIRECTOR/A IVEI;25/04/2013;D
AURREKOETXEA BILBAO, MIREN ARANTZA;83.523,98 ;06 - Educacin, Poltica Lingstica y Cultura;;VICECONSEJERIA DE EDUCACION;VICECONSEJERO/A;19/12/2012;D
AREVALO TURRILLAS, JORGE;85.178,01 ;06 - Educacin, Poltica Lingstica y Cultura;;VICECONSEJERA DE FORMACIN PROFESIONAL;VICECONSEJERO/A;25/04/2013;D
BAZTARRIKA GALPARSORO, PATXI XABIER;83.758,84 ;06 - Educacin, Poltica Lingstica y Cultura;;VICECONSEJERIA DE POLITICA LINGUISTICA;VICECONSEJERO/A;27/12/2012;D
ALKORTA IDIAKEZ, ITZIAR;83.611,09 ;06 - Educacin, Poltica Lingstica y Cultura;;VICECONSEJERIA DE UNIVERSIDADES E INVESTIGACION;VICECONSEJERO/A;27/12/2012;D
ERKIZIA ITOITZ, JOSEBA;70.171,65 ;06 - Educacin, Poltica Lingstica y Cultura;H.A.B.E;DIRECCION GENERAL;DIRECTOR/A GENERAL (NIVEL DIRECTOR);10/01/2013;D
LARRAAGA ORBEZ, MAITE;70.171,65 ;06 - Educacin, Poltica Lingstica y Cultura;CONSORCIO HAURRESKOLAK;CONSORCIO HAURRESKOLAK;DIRECTOR/A;;CP
ITURBE MENDIALDUA, M TERESA;95.733,32 ;06 - Educacin, Poltica Lingstica y Cultura;EUSKAL IRRATI TELEBISTA (EITB);EITB;DTOR/A. GENERAL;08/03/2013;CP
ELGUEZABAL CANDINA, JESS;88.489,32 ;06 - Educacin, Poltica Lingstica y Cultura;EUSKAL IRRATI TELEBISTA (EITB);EITB;DTOR/A. GERENTE;11/03/2013;CP
SARASOLA BARIANDARN, PEIO;89.949,32 ;06 - Educacin, Poltica Lingstica y Cultura;EUSKAL TELEBISTA, S.A.;EUSKAL TELEBISTA, S.A.;DIRECTOR/A;11/03/2013;CP
KRUZETA OLAETA, ODILE;84.702,32 ;06 - Educacin, Poltica Lingstica y Cultura;EUSKO IRRATIA, S.A.;EUSKO IRRATIA, S.A.;DIRECTOR/A COORDINADOR/A;;CP
GOENAGA MENDIOLA, M AIZPEA;77.628,88 ;06 - Educacin, Poltica Lingstica y Cultura;INSTITUTO ETXEPARE;INSTITUTO ETXEPARE;DIRECTOR/A;04/06/2010;CP
ALBERDI AMASORRAIN, IIGO;68.227,00 ;06 - Educacin, Poltica Lingstica y Cultura;ORQUESTA DE EUSKADI;ORQUESTA DE EUSKADI;DTOR/A. GENERAL;03/03/2006;CP
LEGARRETA FERNNDEZ, JUAN ANDRS;78.674,00 ;06 - Educacin, Poltica Lingstica y Cultura;UNIBASQ, AGENCIA DE CALIDAD DEL SISTEMA UNIVERSITARIO;UNIBASQ, AGENCIA DE CALIDAD DEL SISTEMA UNIVERSITARIO;DIRECTOR/A;;CP
BELTRAN DE HEREDIA ARRONIZ, ESTEFANIA;90.034,68 ;07 - Seguridad;;CONSEJERIA;CONSEJERO/A DEL DEPARTAMENTO;17/12/2012;D
GARCIA DE SALAZAR OLANO, M PILAR;78.673,83 ;07 - Seguridad;;CONSEJERIA;"ASESOR/A DES. PLAN ESTRAT. ERTZANTZA ""HORIZ. 2016""";01/05/2013;E
NABERAN OZAMIZ, JUAN FELIX;67.087,03 ;07 - Seguridad;;CONSEJERIA;ASESOR/A EVALUACIN POLT. PBLI. MBITO SEGURIDAD;19/09/2013;E
CAMINO GARCIA, M GUADALUPE;78.453,62 ;07 - Seguridad;;DIR. DE GESTIN ECONMICA Y RECURSOS GENERALES;DIRECTOR/A;19/04/2013;D
ARTECHE PALOMAR, EUGENIO;67.087,03 ;07 - Seguridad;;DIR. RG. JURID., SERVIC. Y PROC. ELECTORALES;DIRECTOR/A;19/04/2013;D
ANITUA ALDEKOA, PEDRO JOSE;67.087,03 ;07 - Seguridad;;DIRECCIN ATENCION EMERGENCIAS Y METEOROLOGA;DIRECTOR/A;10/12/2010;D
BELOQUI GUERRA, JULIAN;67.087,03 ;07 - Seguridad;;DIRECCIN DE COMUNICACIN;DIRECTOR/A;19/04/2013;D
ELGUEA MARTINEZ, BELEN;60.687,72 ;07 - Seguridad;;DIRECCIN DE COMUNICACIN;ASESOR/A EN COMUNICACIONES;19/04/2013;E
GARCIA AZURMENDI, RODRIGO;59.644,17 ;07 - Seguridad;;DIRECCIN DE COORDINACIN DE SEGURIDAD;DIRECTOR/A;19/04/2013;D
REKA ESPARZA, ANA MARIA;59.819,31 ;07 - Seguridad;;DIRECCIN DE GABINETE DEL CONSEJERO O LA CONSEJERA;DIRECTOR/A;08/02/2013;D
URIARTE UNZALU, AITOR MIKEL;67.087,03 ;07 - Seguridad;;DIRECCIN DE JUEGO Y ESPECTCULOS;DIRECTOR/A;19/04/2013;D
GABIRONDO FERNANDEZ, GERVASIO;71.963,00 ;07 - Seguridad;;DIRECCIN DE LA ERTZAINTZA;DIRECTOR/A;03/01/2013;D
ARIAS MARTINEZ, MIREN KARMELE;67.087,03 ;07 - Seguridad;;DIRECCIN DE RECURSOS HUMANOS;DIRECTOR/A;25/01/2013;D
SEZ MOLINUEVO, GARBIE;67.087,03 ;07 - Seguridad;;DIRECCIN DE TRAFICO;DIRECTOR/A;10/01/2013;D
GURTUBAI ARTETXE, JOSEBA IAKI;82.262,44 ;07 - Seguridad;;VICECONSEJERIA DE ADMINISTRACION Y SERVICIOS;VICECONSEJERO/A;19/12/2012;D
ZUBIAGA NIEVA, JESUS MARIA;82.464,19 ;07 - Seguridad;;VICECONSEJERIA DE SEGURIDAD;VICECONSEJERO/A;03/01/2013;D
ARRUABARRENA JULIAN, MALENTXO;78.673,83 ;07 - Seguridad;ACADEMIA VASCA DE POLICA Y EMERGENCIAS;DIRECCIN GENERAL;DIRECTOR/A GENERAL (RANGO VICECONSEJERO/A);16/01/2013;D
ANTIA VINOS, NEREA;67.087,03 ;08 - Salud;;CONSEJERIA;ASESOR/A DE GESTIN ESTRATGICA;29/04/2013;E
BERRIOZABAL AZPITARTE, ROMAN VALENTIN;67.087,03 ;08 - Salud;;CONSEJERIA;ASESOR/A PLANIFICACIN E INNOVACIN SANITARIA;06/05/2013;E
DARPON SIERRA, JON;90.034,68 ;08 - Salud;;CONSEJERIA;CONSEJERO/A DEL DEPARTAMENTO;17/12/2012;D
OCTAVIO URANGA, ISABEL CARMEN;67.087,03 ;08 - Salud;;CONSEJERIA;ASESOR/A EN COMUNICACIONES;15/01/2013;E
ARTEAGOITIA GONZALEZ, M LUISA;67.087,03 ;08 - Salud;;DIR. DE PLANIF. ORDENACIN Y EVALUACIN SANITARIA;DIRECTOR/A;19/04/2013;D
MUGICA ANDUAGA, M JESUS GEMMA;73.194,52 ;08 - Salud;;DIR. DE REG. JURIDICO, ECONOMICO Y SERV. GENERALES;DIRECTOR/A;27/12/2012;D
BERRAONDO ZABALEGUI, IAKI;71.592,96 ;08 - Salud;;DIREC. DE ASEGURAMIENTO Y CONTRATACION SANITARIA;DIRECTOR/A;10/01/2013;D
BETOLAZA SAN MIGUEL, JON IAKI;72.055,16 ;08 - Salud;;DIRECCION DE FARMACIA;DIRECTOR/A;10/01/2013;D
AGUIRRE RUEDA, MARIA;67.087,03 ;08 - Salud;;DIRECCIN DE INVESTIGACIN E INNOVACIN SANITARIA;DIRECTOR/A;19/04/2013;D
DORRONSORO IRAETA, MIREN;67.087,03 ;08 - Salud;;DIRECCION DE SALUD PUBLICA Y ADICCIONES;DIRECTOR/A;19/04/2013;D
ANSOTEGI ELORDI, FATIMA;67.087,03 ;08 - Salud;;DIRECCION DEL GABINETE DEL CONSEJERO;DIRECTOR/A;03/01/2013;D
VIEGRA GARCIA, GUILLERMO;78.673,83 ;08 - Salud;;VICECONSEJERIA DE SALUD;VICECONSEJERO/A;19/04/2013;D
UNZUETA TORRE, MARIA ELENA BEGOA;67.087,03 ;08 - Salud;KONTSUMOBIDE-INSTITUTO VASCO DE CONSUMO;DIRECCIN;DIRECTOR/A;19/07/2013;D
ETXEBERRIA CRUZ, JON;78.674,00 ;08 - Salud;OSAKIDETZA;DIRECCIN GENERAL;DIRECTOR/A GENERAL;04/01/2013;CP
ARRAIZA ARMENDARIZ, ANTONIO;74.050,00 ;08 - Salud;OSAKIDETZA;DIRECCIN GENERAL;DIRECTOR/ DIVISIN CORPORATIVA DE ASISTENCIA SANITARIA;24/01/2013;CP
ARTOLAZABAL ALBENIZ, BEATRIZ;73.100,00 ;08 - Salud;OSAKIDETZA;DIRECCIN GENERAL;DIRECTOR/ DIVISIN CORPORATIVA DE ECONMICO-FINANCIERO;17/01/2012;CP
ARMENTIA MACAZAGA JOSE MARIA;73.100,00 ;08 - Salud;OSAKIDETZA;DIRECCIN GENERAL;DIRECTOR/ DIVISIN CORPORATIVA DE RECURSOS HUMANOS;18/02/2013;CP
UNANUE MUNDUATE, JOSE MARIA;64.280,00 ;08 - Salud;OSAKIDETZA;EMERGENCIAS (Unidades Territoriales de Emergencias);DIRECTOR/A GERENTE GR.4;05/09/2013;CP
FERNANDEZ GONZALEZ, M LUISA;54.640,00 ;08 - Salud;OSAKIDETZA;EMERGENCIAS (Unidades Territoriales de Emergencias);DIRECTOR/A GESTIN GR.4;01/06/1992;CP
IBARRETXE ALTUBE, ROBERTO;64.280,00 ;08 - Salud;OSAKIDETZA;CENTRO VASCO DE TRANSFUSIN Y TEJIDOS HUMANOS;DIRECTOR/A GERENTE GR.4;01/11/2010;CP
VACANTE;54.640,00 ;08 - Salud;OSAKIDETZA;CENTRO VASCO DE TRANSFUSIN Y TEJIDOS HUMANOS;DIRECTOR/A GESTIN GR.4;;CP
MUOZ FERNANDEZ, JESUS;77.890,00 ;08 - Salud;OSAKIDETZA;HOSPITAL UNIVERSITARIO ARABA;DIRECTOR/A GERENTE GR.1;11/01/2013;CP
VACANTE;74.000,00 ;08 - Salud;OSAKIDETZA;HOSPITAL UNIVERSITARIO ARABA;DIRECTOR/A ADJUNTO GERENCIA GR.1;;CP
MANZANO RAMIREZ, ALBERTO;74.000,00 ;08 - Salud;OSAKIDETZA;HOSPITAL UNIVERSITARIO ARABA;DIRECTOR/A MDICO GR.1;09/09/2013;CP
RAMIREZ SAMANIEGO, M LOURDES;63.090,00 ;08 - Salud;OSAKIDETZA;HOSPITAL UNIVERSITARIO ARABA;DIRECTOR/A DE ENFERMERA GR.1;24/01/2013;CP
ENCINAR MARTIN, FERNANDO;71.270,00 ;08 - Salud;OSAKIDETZA;HOSPITAL UNIVERSITARIO ARABA;DIRECTOR/A ECONMICO-FINANCIERO GR.1;15/06/2011;CP
ARISPE RUIZ DE GAUNA, JAVIER;71.270,00 ;08 - Salud;OSAKIDETZA;HOSPITAL UNIVERSITARIO ARABA;DIRECTOR/A DE PERSONAL GR.1;24/01/2013;CP
RUIZ DE VERGARA LAORDEN, CARLOS;64.280,00 ;08 - Salud;OSAKIDETZA;HOSPITAL LEZA;DIRECTOR/A GERENTE GR.4;16/03/1995;CP
SANCHEZ GLEZ DE MATAUCO, JUAN LUIS;46.920,00 ;08 - Salud;OSAKIDETZA;HOSPITAL LEZA;DIRECTOR/A DE ENFERMERA GR.4;09/01/2006;CP
RUIZ DE SOLA, M TERESA;54.640,00 ;08 - Salud;OSAKIDETZA;HOSPITAL LEZA;DIRECTOR/A DE GESTIN GR.4;09/01/2006;CP
DE MIGUEL AGUIRRE, EGUSKIE;64.280,00 ;08 - Salud;OSAKIDETZA;RED DE SALUD MENTAL DE ARABA;DIRECTOR/A GERENTE GR.4;01/01/2006;CP
MOSQUERA ULLOA, FERNANDO;61.710,00 ;08 - Salud;OSAKIDETZA;RED DE SALUD MENTAL DE ARABA;DIRECTOR/A MDICO GR.4;28/09/2009;CP
MURUA NAVARRO, FLORA;46.920,00 ;08 - Salud;OSAKIDETZA;RED DE SALUD MENTAL DE ARABA;DIRECTOR/A DE ENFERMERA GR.4;01/06/1997;CP
ETXEGARAI ATELA, JOSU MIRENA;54.640,00 ;08 - Salud;OSAKIDETZA;RED DE SALUD MENTAL DE ARABA;DIRECTOR/A ECONMICO-FINANCIERO GR.4;01/03/2011;CP
PUJANA URIARTE, M JOSE;54.640,00 ;08 - Salud;OSAKIDETZA;RED DE SALUD MENTAL DE ARABA;DIRECTOR/A DE PERSONAL GR.4;12/05/2008;CP
BLAS DE BLAS, ANTONIO DE;70.020,00 ;08 - Salud;OSAKIDETZA;COMARCA ARABA;DIRECTOR/A GERENTE ATENCIN PRIMARIA;16/05/1999;CP
DELGADO FONTANEDA, ADOLFO;64.450,00 ;08 - Salud;OSAKIDETZA;COMARCA ARABA;DIRECTOR/A MDICO ATENCIN PRIMARIA;17/11/2011;CP
ORTIZ CEREZO, M ARANZAZU;49.990,00 ;08 - Salud;OSAKIDETZA;COMARCA ARABA;DIRECTOR/A DE ENFERMERA ATENCIN PRIMARIA;17/11/2011;CP
FARIAS PAN, JUAN CARLOS;54.620,00 ;08 - Salud;OSAKIDETZA;COMARCA ARABA;DIRECTOR/A ECONMICO-FINANCIERO ATENCIN PRIMARIA;01/02/1989;CP
VACANTE;54.620,00 ;08 - Salud;OSAKIDETZA;COMARCA ARABA;DIRECTOR/A DE PERSONAL ATENCIN PRIMARIA;;CP
RABANAL RETOLAZA, SANTIAGO;77.890,00 ;08 - Salud;OSAKIDETZA;HOSPITAL UNIVERSITARIO CRUCES;DIRECTOR/A GERENTE GR.1;07/02/2013;CP
LABAYEN BERAZA, FERMIN;74.000,00 ;08 - Salud;OSAKIDETZA;HOSPITAL UNIVERSITARIO CRUCES;DIRECTOR/A MDICO GR.1;11/03/2013;CP
BARRENA SARATXAGA, M TERESA;63.090,00 ;08 - Salud;OSAKIDETZA;HOSPITAL UNIVERSITARIO CRUCES;DIRECTOR/A DE ENFERMERA GR.1;04/04/2000;CP
GOMEZ INHIESTO, ELISA;71.270,00 ;08 - Salud;OSAKIDETZA;HOSPITAL UNIVERSITARIO CRUCES;DIRECTOR/A ECONMICO-FINANCIERO GR.1;11/02/2013;CP
ARRIZABALAGA KALTZAKORTA, MAITANE;71.270,00 ;08 - Salud;OSAKIDETZA;HOSPITAL UNIVERSITARIO CRUCES;DIRECTOR/A DE PERSONAL GR.1;18/02/2013;CP
VACANTE;74.000,00 ;08 - Salud;OSAKIDETZA;HOSPITAL UNIVERSITARIO CRUCES;DIRECTOR/A CIENTFICO GR.1;;CP
GONZALEZ TORRES, ROSA MICHOL;74.740,00 ;08 - Salud;OSAKIDETZA;ORGANIZACIN SANITARIA INTEGRADA BILBAO-BASURTO;DIRECTOR/A GERENTE GR.2;07/02/2013;CP
GONZALO GARCIA, ARANZAZU;71.000,00 ;08 - Salud;OSAKIDETZA;ORGANIZACIN SANITARIA INTEGRADA BILBAO-BASURTO;DIRECTOR/A DE INTEGRACIN ASISTENCIAL GR.2;07/02/2014;CP
RUIZ ECHEVARRIA, MIREN AMAIA;71.000,00 ;08 - Salud;OSAKIDETZA;ORGANIZACIN SANITARIA INTEGRADA BILBAO-BASURTO;DIRECTOR/A MDICO GR.2;07/02/2013;CP
LARREA ARECHABALETA, ITZIAR;57.550,00 ;08 - Salud;OSAKIDETZA;ORGANIZACIN SANITARIA INTEGRADA BILBAO-BASURTO;DIRECTOR/A DE ENFERMERA GR.2;11/02/2013;CP
MEZKORTA ETXAURREN, JOSEBA;67.050,00 ;08 - Salud;OSAKIDETZA;ORGANIZACIN SANITARIA INTEGRADA BILBAO-BASURTO;DIRECTOR/A ECONMICO-FINANCIERO GR.2;16/06/1967;CP
ALLENDE ACHALANDABASO, MIREN AMAIA DE;67.050,00 ;08 - Salud;OSAKIDETZA;ORGANIZACIN SANITARIA INTEGRADA BILBAO-BASURTO;DIRECTOR/A DE PERSONAL GR.2;05/05/2014;CP
GUAJARDO REMACHA, JUAN ANTONIO;74.740,00 ;08 - Salud;OSAKIDETZA;ORGANIZACIN SANITARIA INTEGRADA BARRUALDE-GALDAKAO;DIRECTOR/A GERENTE GR.2;06/05/2014;CP
ETXEBARRIA ALTUNA, AMAIA;71.000,00 ;08 - Salud;OSAKIDETZA;ORGANIZACIN SANITARIA INTEGRADA BARRUALDE-GALDAKAO;DIRECTOR/A DE INTEGRACIN ASISTENCIAL GR.2;31/01/2014;CP
REGULEZ ARIO, PILAR;71.000,00 ;08 - Salud;OSAKIDETZA;ORGANIZACIN SANITARIA INTEGRADA BARRUALDE-GALDAKAO;DIRECTOR/A MDICO GR.2;06/05/2014;CP
SARRIONANDIA AZAOLA, SABINO;57.550,00 ;08 - Salud;OSAKIDETZA;ORGANIZACIN SANITARIA INTEGRADA BARRUALDE-GALDAKAO;DIRECTOR/A DE ENFERMERA GR.2;06/05/2014;CP
ELEXPURU MARKAIDA, JOSE LUIS;67.050,00 ;08 - Salud;OSAKIDETZA;ORGANIZACIN SANITARIA INTEGRADA BARRUALDE-GALDAKAO;DIRECTOR/A ECONMICO-FINANCIERO GR.2;06/05/2014;CP
ORMAETXEA LEGARRETA, MIREN JOSU;67.050,00 ;08 - Salud;OSAKIDETZA;ORGANIZACIN SANITARIA INTEGRADA BARRUALDE-GALDAKAO;DIRECTOR/A DE PERSONAL GR.2;06/05/2014;CP
BALLESTERO ZARRAGA, JOSEBA JULEN;70.020,00 ;08 - Salud;OSAKIDETZA;ORGANIZACIN SANITARIA INTEGRADA BARAKALDO-SESTAO;DIRECTOR/A GERENTE GR.3;06/05/2014;CP
VIVANCO GOMEZ, M LOURDES;66.520,00 ;08 - Salud;OSAKIDETZA;ORGANIZACIN SANITARIA INTEGRADA BARAKALDO-SESTAO;DIRECTOR/A DE COORDINACIN ASISTENCIAL REA MDICA GR.3;06/05/2014;CP
LASA ARIZKETA, ANE MIREN;49.990,00 ;08 - Salud;OSAKIDETZA;ORGANIZACIN SANITARIA INTEGRADA BARAKALDO-SESTAO;DIRECTOR/A DE COORDINACIN ASISTENCIAL REA DE ENFERMERA GR.3;18/03/2013;CP
ALBIZURI SANZ, ARANZAZU;59.520,00 ;08 - Salud;OSAKIDETZA;ORGANIZACIN SANITARIA INTEGRADA BARAKALDO-SESTAO;DIRECTOR/A ECONMICO-FINANCIERO GR.3;06/05/2014;CP
IGLESIA ROSENDE, MARIA CARMEN;59.520,00 ;08 - Salud;OSAKIDETZA;ORGANIZACIN SANITARIA INTEGRADA BARAKALDO-SESTAO;DIRECTOR/A DE PERSONAL GR.3;06/05/2014;CP
GARCIA URBANEJA, MARBELLA;64.280,00 ;08 - Salud;OSAKIDETZA;HOSPITAL SANTA MARINA;DIRECTOR/A GERENTE GR.4;19/01/2011;CP
VACANTE;61.710,00 ;08 - Salud;OSAKIDETZA;HOSPITAL SANTA MARINA;DIRECTOR/A MDICO GR.4;;CP
ESPARZA LIBERAL, M CARMEN;46.920,00 ;08 - Salud;OSAKIDETZA;HOSPITAL SANTA MARINA;DIRECTOR/A DE ENFERMERA GR.4;15/02/2011;CP
MOLINERO GUTIERREZ, FRUMEN;54.640,00 ;08 - Salud;OSAKIDETZA;HOSPITAL SANTA MARINA;DIRECTOR/A ECONMICO-FINANCIERO GR.4;24/01/2011;CP
SIMON MONTES, PILAR;54.640,00 ;08 - Salud;OSAKIDETZA;HOSPITAL SANTA MARINA;DIRECTOR/A DE PERSONAL GR.4;23/05/2013;CP
RODRIGUEZ RODRIGUEZ, CARMEN;64.280,00 ;08 - Salud;OSAKIDETZA;HOSPITAL GORLIZ;DIRECTOR/A GERENTE GR.4;01/11/2005;CP
MONTES ALVARO, M ISABEL;61.710,00 ;08 - Salud;OSAKIDETZA;HOSPITAL GORLIZ;DIRECTOR/A MDICO GR.4;01/03/2005;CP
IGARTUA AZCUNE, REGINA;46.920,00 ;08 - Salud;OSAKIDETZA;HOSPITAL GORLIZ;DIRECTOR/A DE ENFERMERA GR.4;28/11/2005;CP
LAPUENTE TRONCOSO, JUAN LUIS;54.640,00 ;08 - Salud;OSAKIDETZA;HOSPITAL GORLIZ;DIRECTOR/A ECONMICO-FINANCIERO GR.4;01/03/2011;CP
SAGARMINAGA UGALDE, IDOIA;54.640,00 ;08 - Salud;OSAKIDETZA;HOSPITAL GORLIZ;DIRECTOR/A DE PERSONAL GR.4;01/02/2006;CP
PEREIRA RODRIGUEZ, CARLOS JOSE;74.740,00 ;08 - Salud;OSAKIDETZA;RED DE SALUD MENTAL DE BIZKAIA;DIRECTOR/A GERENTE GR.2;23/03/2010;CP
LANDALUCE LAUZURICA, IGNACIO;71.000,00 ;08 - Salud;OSAKIDETZA;RED DE SALUD MENTAL DE BIZKAIA;DIRECTOR/A MDICO GR.2;02/09/2013;CP
RODRIGUEZ ITURRIZAR, ANA ISABEL;57.550,00 ;08 - Salud;OSAKIDETZA;RED DE SALUD MENTAL DE BIZKAIA;DIRECTOR/A DE ENFERMERA GR.2;23/03/2010;CP
SUAREZ MONASTERIO, BERNANDO;67.050,00 ;08 - Salud;OSAKIDETZA;RED DE SALUD MENTAL DE BIZKAIA;DIRECTOR/A ECONMICO-FINANCIERO GR.2;23/03/2010;CP
LOZANO OTERO, ARACELI;67.050,00 ;08 - Salud;OSAKIDETZA;RED DE SALUD MENTAL DE BIZKAIA;DIRECTOR/A DE PERSONAL GR.2;11/03/2013;CP
MARQUES GONZALEZ, M LUZ;70.020,00 ;08 - Salud;OSAKIDETZA;COMARCA URIBE;DIRECTOR/A GERENTE ATENCIN PRIMARIA;01/09/2009;CP
SAN EMETERIO MARTINEZ,  ENCARNACION;64.450,00 ;08 - Salud;OSAKIDETZA;COMARCA URIBE;DIRECTOR/A MDICO ATENCIN PRIMARIA;26/10/2006;CP
ELORRIAGA AXPE, ANTONIO EDUARDO;49.990,00 ;08 - Salud;OSAKIDETZA;COMARCA URIBE;DIRECTOR/A DE ENFERMERA ATENCIN PRIMARIA;13/03/2009;CP
ZALDIBAR QUINTANA, JULIA;54.620,00 ;08 - Salud;OSAKIDETZA;COMARCA URIBE;DIRECTOR/A ECONMICO-FINANCIERO ATENCIN PRIMARIA;14/10/1992;CP
HERNANDEZ FERNANDEZ, MIGUEL;54.620,00 ;08 - Salud;OSAKIDETZA;COMARCA URIBE;DIRECTOR/A DE PERSONAL ATENCIN PRIMARIA;07/10/2013;CP
LARRAAGA GARITANO, JESUS M;70.020,00 ;08 - Salud;OSAKIDETZA;COMARCA EZKERRALDEA-ENKARTERRI;DIRECTOR/A GERENTE ATENCIN PRIMARIA;31/01/2014;CP
DOMINGO RICO, CRISTINA;64.450,00 ;08 - Salud;OSAKIDETZA;COMARCA EZKERRALDEA-ENKARTERRI;DIRECTOR/A MDICO ATENCIN PRIMARIA;31/01/2014;CP
GALLO ESTRADA, LUIS ANGEL;49.990,00 ;08 - Salud;OSAKIDETZA;COMARCA EZKERRALDEA-ENKARTERRI;DIRECTOR/A DE ENFERMERA ATENCIN PRIMARIA;15/02/2010;CP
GONZALEZ GUTIERREZ, JOSE ANTONIO;54.620,00 ;08 - Salud;OSAKIDETZA;COMARCA EZKERRALDEA-ENKARTERRI;DIRECTOR/A ECONMICO-FINANCIERO ATENCIN PRIMARIA;01/09/1997;CP
ESTEFANIA BILBAO, M CARMEN;54.620,00 ;08 - Salud;OSAKIDETZA;COMARCA EZKERRALDEA-ENKARTERRI;DIRECTOR/A DE PERSONAL ATENCIN PRIMARIA;11/11/1996;CP
LADRON DE GUEVARA PORTUGAL, JOSE MANUEL;77.890,00 ;08 - Salud;OSAKIDETZA;HOSPITAL UNIVERSITARIO DONOSTIA;DIRECTOR/A GERENTE GR.1;11/03/2013;CP
GURRUCHAGA ARRIOLA, MIREN IDOIA;74.000,00 ;08 - Salud;OSAKIDETZA;HOSPITAL UNIVERSITARIO DONOSTIA;DIRECTOR/A MDICO GR.1;01/05/2013;CP
MARTINEZ FERNANDEZ, OLVIDO;63.090,00 ;08 - Salud;OSAKIDETZA;HOSPITAL UNIVERSITARIO DONOSTIA;DIRECTOR/A DE ENFERMERA GR.1;29/01/2009;CP
RETES SARACHAGA, ARANTZA;71.270,00 ;08 - Salud;OSAKIDETZA;HOSPITAL UNIVERSITARIO DONOSTIA;DIRECTOR/A ECONMICO-FINANCIERO GR.1;15/12/2008;CP
DE LA PUENTE PAGOLA, JUAN RAMON;71.270,00 ;08 - Salud;OSAKIDETZA;HOSPITAL UNIVERSITARIO DONOSTIA;DIRECTOR/A DE PERSONAL GR.1;01/11/2009;CP
ARRIZABALAGA AGUIRREAZALDEGUI, JULIO;74.000,00 ;08 - Salud;OSAKIDETZA;HOSPITAL UNIVERSITARIO DONOSTIA;DIRECTOR/A CIENTFICO GR.1;16/08/2010;CP
GARMENDIA TOLOSA, M TERESA;70.020,00 ;08 - Salud;OSAKIDETZA;ORGANIZACIN SANITARIA INTEGRADA GOIERRI-ALTO UROLA;DIRECTOR/A GERENTE GR.3;17/07/2013;CP
CALVO AGUIRRE, ANA ISABEL;66.520,00 ;08 - Salud;OSAKIDETZA;ORGANIZACIN SANITARIA INTEGRADA GOIERRI-ALTO UROLA;DIRECTOR/A DE COORDINACIN ASISTENCIAL REA MDICA GR.3;01/01/2014;CP
HERNANDO UZKUDUN, AMAIA;49.990,00 ;08 - Salud;OSAKIDETZA;ORGANIZACIN SANITARIA INTEGRADA GOIERRI-ALTO UROLA;DIRECTOR/A DE COORDINACIN ASISTENCIAL REA DE ENFERMERA GR.3;17/12/2011;CP
AGUIRRE ALBERDI, LAURA;59.520,00 ;08 - Salud;OSAKIDETZA;ORGANIZACIN SANITARIA INTEGRADA GOIERRI-ALTO UROLA;DIRECTOR/A ECONMICO-FINANCIERO GR.3;01/02/1998;CP
DOIZ UNZUE, OLGA;59.520,00 ;08 - Salud;OSAKIDETZA;ORGANIZACIN SANITARIA INTEGRADA GOIERRI-ALTO UROLA;DIRECTOR/A DE PERSONAL GR.3;17/12/2011;CP
PEREZ IRAZUSTA, M ICIAR;70.020,00 ;08 - Salud;OSAKIDETZA;ORGANIZACIN SANITARIA INTEGRADA BIDASOA;DIRECTOR/A GERENTE GR.3;01/02/2013;CP
ALKIZA EIZAGUIRRE, EUGENIA;66.520,00 ;08 - Salud;OSAKIDETZA;ORGANIZACIN SANITARIA INTEGRADA BIDASOA;DIRECTOR/A DE COORDINACIN ASISTENCIAL REA MDICA GR.3;23/04/2013;CP
LASA GONI, MIREN BITTORI;49.990,00 ;08 - Salud;OSAKIDETZA;ORGANIZACIN SANITARIA INTEGRADA BIDASOA;DIRECTOR/A DE COORDINACIN ASISTENCIAL REA DE ENFERMERA GR.3;01/02/2011;CP
LEIARISTI ARETA, AMAIA;59.520,00 ;08 - Salud;OSAKIDETZA;ORGANIZACIN SANITARIA INTEGRADA BIDASOA;DIRECTOR/A ECONMICO-FINANCIERO GR.3;06/07/2009;CP
LITAGO SOLA, ESTHER;59.520,00 ;08 - Salud;OSAKIDETZA;ORGANIZACIN SANITARIA INTEGRADA BIDASOA;DIRECTOR/A DE PERSONAL GR.3;26/10/2011;CP
GONZALEZ LOMBIDE, EDUARDO;70.020,00 ;08 - Salud;OSAKIDETZA;ORGANIZACIN SANITARIA INTEGRADA BAJO DEBA;DIRECTOR/A GERENTE GR.3;12/10/2011;CP
MENDIGUREN NAVASCUES, M ARANZAZU;66.520,00 ;08 - Salud;OSAKIDETZA;ORGANIZACIN SANITARIA INTEGRADA BAJO DEBA;DIRECTOR/A DE COORDINACIN ASISTENCIAL REA MDICA GR.3;09/01/2012;CP
LARRAAGA GARAICOECHEA, NEREA;49.990,00 ;08 - Salud;OSAKIDETZA;ORGANIZACIN SANITARIA INTEGRADA BAJO DEBA;DIRECTOR/A DE COORDINACIN ASISTENCIAL REA DE ENFERMERA GR.3;14/03/2001;CP
MARTIN NAVASCUES, FERNANDO;59.520,00 ;08 - Salud;OSAKIDETZA;ORGANIZACIN SANITARIA INTEGRADA BAJO DEBA;DIRECTOR/A ECONMICO-FINANCIERO GR.3;06/07/2009;CP
PEDROSA RODERO, FCO. JAVIER;59.520,00 ;08 - Salud;OSAKIDETZA;ORGANIZACIN SANITARIA INTEGRADA BAJO DEBA;DIRECTOR/A DE PERSONAL GR.3;11/03/2013;CP
ZULUETA GURIDI, CARLOS;70.020,00 ;08 - Salud;OSAKIDETZA;ORGANIZACIN SANITARIA INTEGRADA ALTO DEBA;DIRECTOR/A GERENTE GR.3;01/02/2013;CP
SANZO OLLAKARIZKETA, JUAN MANUEL;66.520,00 ;08 - Salud;OSAKIDETZA;ORGANIZACIN SANITARIA INTEGRADA ALTO DEBA;DIRECTOR/A DE COORDINACIN ASISTENCIAL REA MDICA GR.3;01/04/2013;CP
SISTIAGA LASA, M ARANZAZU;49.990,00 ;08 - Salud;OSAKIDETZA;ORGANIZACIN SANITARIA INTEGRADA ALTO DEBA;DIRECTOR/A DE COORDINACIN ASISTENCIAL REA DE ENFERMERA GR.3;07/11/2011;CP
RUIZ DE EGUINO LANGARICA, JAIME;59.520,00 ;08 - Salud;OSAKIDETZA;ORGANIZACIN SANITARIA INTEGRADA ALTO DEBA;DIRECTOR/A ECONMICO-FINANCIERO GR.3;01/08/2006;CP
BACIGALUPE ARTACHO, LAURA;59.520,00 ;08 - Salud;OSAKIDETZA;ORGANIZACIN SANITARIA INTEGRADA ALTO DEBA;DIRECTOR/A DE PERSONAL GR.3;02/11/2007;CP
IRUIN SANZ, ALVARO;64.280,00 ;08 - Salud;OSAKIDETZA;RED DE SALUD MENTAL DE GIPUZKOA;DIRECTOR/A GERENTE GR.4;17/07/2007;CP
MERINO HERNANDEZ, MARIA LUISA;70.020,00 ;08 - Salud;OSAKIDETZA;COMARCA GIPUZKOA;DIRECTOR/A GERENTE ATENCIN PRIMARIA;17/12/2011;CP
BUSTINDUY BASCARAN, ANA JESUS;64.450,00 ;08 - Salud;OSAKIDETZA;COMARCA GIPUZKOA;DIRECTOR/A MDICO ATENCIN PRIMARIA;18/10/2010;CP
RODRIGUEZ RAMIREZ, CARMEN;49.990,00 ;08 - Salud;OSAKIDETZA;COMARCA GIPUZKOA;DIRECTOR/A DE ENFERMERA ATENCIN PRIMARIA;31/03/1995;CP
OLANO ARANCIBIA, OLATZ;54.620,00 ;08 - Salud;OSAKIDETZA;COMARCA GIPUZKOA;DIRECTOR/A ECONMICO-FINANCIERO ATENCIN PRIMARIA;01/02/2009;CP
GRANADO  GUTIERREZ, JUAN;54.620,00 ;08 - Salud;OSAKIDETZA;COMARCA GIPUZKOA;DIRECTOR/A DE PERSONAL ATENCIN PRIMARIA;08/06/2010;CP
GUTIERREZ FRAILE, ENRIQUE;72.093,00 ;08 - Salud;OSATEK, S.A.;OSATEK, S.A.;DTOR/A. GERENTE;14/12/2011;CP
EPALZA SOLANO, TOMAS JOSE;78.673,83 ;09 - Medio Ambiente y Poltica Territorial;;CONSEJERIA;ASESOR/A DE COORDINACIN;19/04/2013;E
JUANENA GURUCETA, SERGIO EMILIO;67.087,03 ;09 - Medio Ambiente y Poltica Territorial;;CONSEJERIA;ASESOR/A EN COMUNICACIONES;14/01/2013;E
OREGI BASTARRIKA, ANA ISABEL;86.930,04 ;09 - Medio Ambiente y Poltica Territorial;;CONSEJERIA;CONSEJERO/A DEL DEPARTAMENTO;17/12/2012;D
RODRIGUEZ GUTIERREZ, CLAUDIO;67.087,03 ;09 - Medio Ambiente y Poltica Territorial;;CONSEJERIA;ASESOR/A DE TRANSPORTES;10/05/2013;E
BARREDO MARTN, AMAIA;67.087,03 ;09 - Medio Ambiente y Poltica Territorial;;DIR. DE MEDIO NATURAL Y PLANIFICACIN AMBIENTAL;DIRECTOR/A;25/04/2013;D
ITURRIOZ UNZUETA, ALEJANDRA;67.087,03 ;09 - Medio Ambiente y Poltica Territorial;;DIRECCION DE ADMINISTRACIN AMBIENTAL;DIRECTOR/A;25/04/2013;D
RUIZ DE ANGULO DEL CAMPO, MARIA ALMUDENA;67.087,03 ;09 - Medio Ambiente y Poltica Territorial;;DIRECCION DE INFRAESTRUCTURAS DEL TRANSPORTE;DIRECTOR/A;25/04/2013;D
LEZA OLAIZOLA, MANUEL;67.087,03 ;09 - Medio Ambiente y Poltica Territorial;;DIRECCION DE PLANIFICACIN DEL TRANSPORTE;DIRECTOR/A;25/04/2013;D
LETE GARCIA, MARIA ELENA;67.087,03 ;09 - Medio Ambiente y Poltica Territorial;;DIRECCION DE PLANIFICACIN TERRITORIAL Y URBANISMO;DIRECTOR/A;25/04/2013;D
BAUELOS  IBAEZ, JOSE IGNACIO;67.087,03 ;09 - Medio Ambiente y Poltica Territorial;;DIRECCION DE SERVICIOS;DIRECTOR/A;16/01/2013;D
IRIARTE IRURETA, MIREN IZASKUN;78.673,83 ;09 - Medio Ambiente y Poltica Territorial;;VICE. DE ADMON. Y PLANIFICACIN TERRITORIAL;VICECONSEJERO/A;25/04/2013;D
GALERA CARRILLO, JOSE ANTONIO;78.673,83 ;09 - Medio Ambiente y Poltica Territorial;;VICECONSEJERIA DE MEDIO AMBIENTE;VICECONSEJERO/A;15/02/2013;D
AIZ SALAZAR, ANTONIO;78.673,83 ;09 - Medio Ambiente y Poltica Territorial;;VICECONSEJERIA DE TRANSPORTES;VICECONSEJERO/A;25/04/2013;D
EGAA MANTEROLA, EDURNE;68.530,00 ;09 - Medio Ambiente y Poltica Territorial;EUSKADI KIROL PORTUA, S.A.;EUSKADI KIROL PORTUA, S.A.;DIRECTOR/A DE INNOVACIN Y RELACIONES INSTITUCIONALES;30/01/2013;CP
SARRIA ANSOLEAGA, RAFAEL;82.131,00 ;09 - Medio Ambiente y Poltica Territorial;EUSKAL TRENBIDE SAREA;EUSKAL TRENBIDE SAREA;DTOR/A. GENERAL;13/02/2013;CP
PALOMINO ZUBIAURRE, IIGO;76.013,00 ;09 - Medio Ambiente y Poltica Territorial;EUSKO TRENBIDEAK - FERROCARRILES VASCOS, S.A.;EUSKO TRENBIDEAK - FERROCARRILES VASCOS, S.A.;DTOR/A. GENERAL;30/01/2013;CP
Vacante;--;09 - Medio Ambiente y Poltica Territorial;EUSKOTREN PARTICIPACIONES S.A.;EUSKOTREN PARTICIPACIONES;DTOR/A. GENERAL;;CP
AGIRRE ORCAJO, JAVIER;78.829,00 ;09 - Medio Ambiente y Poltica Territorial;IHOBE, S.A. - SOCIEDAD PUBLICA DE GESTION AMBIENTAL;IHOBE S.A.;DTOR/A. GENERAL;15/03/2013;CP
ANSOLA KAREAGA, IIGO;78.673,84 ;09 - Medio Ambiente y Poltica Territorial;URA - AGENCIA VASCA DEL AGUA;URA;DTOR/A. GENERAL;30/01/2013;CP
LOPEZ DE HEREDIA SAN JULIAN, MARIA;69.629,28 ;09 - Medio Ambiente y Poltica Territorial;URA - AGENCIA VASCA DEL AGUA;URA;DIRECTOR/A ADMINISTRACIN Y SERVICIOS;07/02/2011;CP
PEREA ARANDIA, JOSU;69.629,28 ;09 - Medio Ambiente y Poltica Territorial;URA - AGENCIA VASCA DEL AGUA;URA;DIRECTOR/A DE GESTIN DOMINIO PUBLICO;12/05/2008;CP
SANZ DE GALDEANO EQUIZA, JOSE MARIA SILVANO;69.629,28 ;09 - Medio Ambiente y Poltica Territorial;URA - AGENCIA VASCA DEL AGUA;URA;DIRECTOR/A DE PLANIFICACIN Y OBRAS;01/05/2008;CP
Vacante;69.629,28 ;09 - Medio Ambiente y Poltica Territorial;URA - AGENCIA VASCA DEL AGUA;URA;DIRECTOR/A DE INNOVACIN Y RELACIONES INSTITUCIONALES;;CP
